Time(s);F1(l/h);F2(l/h);T1(degC);T2(degC);T3(degC);T4(degC);Configurazione
0;0;628;26.09;52.19;26.83;51.79;Altra-operazione
1;0;588;26.09;52.09;26.83;51.68;Altra-operazione
2;0;588;26.09;52.09;26.83;51.79;Altra-operazione
3;0;567;26.09;52.09;26.83;51.79;Altra-operazione
4;0;548;25.99;52.09;26.83;51.79;Altra-operazione
5;0;533;25.99;52.09;26.83;51.79;Altra-operazione
6;0;494;25.99;52.09;26.83;51.79;Altra-operazione
7;0;492;25.99;52.09;26.83;51.79;Altra-operazione
8;0;573;25.99;52.09;26.83;51.79;Altra-operazione
9;0;558;25.99;52.09;26.83;51.79;Altra-operazione
10;0;541;25.99;52.09;26.83;51.79;Altra-operazione
11;0;579;25.99;52.09;26.83;51.79;Altra-operazione
13;0;563;25.99;52.09;26.72;51.79;Altra-operazione
14;9;551;25.99;52.09;26.72;51.79;Altra-operazione
15;7;474;25.99;52.19;26.72;51.79;Altra-operazione
16;3;549;25.99;52.09;26.72;51.79;Altra-operazione
18;0;541;25.89;52.09;26.72;51.79;Altra-operazione
19;0;519;25.89;52.09;26.72;51.79;Altra-operazione
20;0;538;25.99;52.09;26.72;51.79;Altra-operazione
21;0;385;25.89;52.09;26.72;51.79;Altra-operazione
22;0;422;25.89;52.09;26.62;51.79;Altra-operazione
24;0;572;25.89;52.09;26.62;51.79;Altra-operazione
25;0;611;25.89;52.09;26.62;51.79;Altra-operazione
26;0;581;25.89;52.09;26.72;51.79;Altra-operazione
27;0;564;25.89;52.19;26.62;51.79;Altra-operazione
28;0;561;25.89;52.09;26.62;51.79;Altra-operazione
30;0;604;25.89;52.19;26.62;51.79;Altra-operazione
31;0;666;25.78;52.19;26.62;51.79;Altra-operazione
32;0;637;25.78;52.19;26.62;51.79;Altra-operazione
33;0;584;25.78;52.19;26.62;51.79;Altra-operazione
34;0;624;25.89;52.19;26.62;51.79;Altra-operazione
36;0;660;25.78;52.19;26.62;51.79;Altra-operazione
37;0;657;25.78;52.19;26.52;51.79;Altra-operazione
38;0;628;25.78;52.09;26.52;51.79;Altra-operazione
39;0;561;25.78;52.19;26.52;51.79;Altra-operazione
40;0;498;25.78;52.19;26.52;51.79;Altra-operazione
41;0;551;25.78;52.09;26.52;51.79;Altra-operazione
42;0;583;25.68;52.19;26.52;51.79;Altra-operazione
43;0;534;25.68;52.09;26.52;51.79;Altra-operazione
44;0;455;25.78;52.09;26.52;51.79;Altra-operazione
45;0;476;25.68;52.19;26.41;51.79;Altra-operazione
46;0;575;25.68;52.19;26.52;51.79;Altra-operazione
47;0;604;25.68;52.19;26.41;51.79;Altra-operazione
48;0;580;25.68;52.09;26.41;51.79;Altra-operazione
49;0;623;25.68;52.09;26.41;51.79;Altra-operazione
50;0;610;25.68;52.19;26.41;51.79;Altra-operazione
51;0;544;25.68;52.09;26.41;51.79;Altra-operazione
52;0;534;25.68;52.19;26.41;51.79;Altra-operazione
53;0;621;25.58;52.19;26.41;51.79;Altra-operazione
54;0;546;25.58;52.19;26.41;51.79;Altra-operazione
55;0;509;25.58;52.19;26.41;51.79;Altra-operazione
56;0;547;25.58;52.19;26.31;51.79;Altra-operazione
57;0;538;25.58;52.19;26.31;51.79;Altra-operazione
59;0;494;25.58;52.19;26.31;51.79;Altra-operazione
60;0;570;25.58;52.19;26.31;51.79;Altra-operazione
61;0;626;25.58;52.19;26.31;51.79;Altra-operazione
62;0;598;25.58;52.19;26.31;51.79;Altra-operazione
63;0;593;25.58;52.19;26.31;51.79;Altra-operazione
64;0;708;25.58;52.19;26.31;51.79;Altra-operazione
65;0;635;25.58;52.19;26.31;51.79;Altra-operazione
66;0;613;25.58;52.19;26.31;51.79;Altra-operazione
67;0;566;25.47;52.19;26.31;51.79;Altra-operazione
68;1;641;25.58;52.19;26.20;51.79;Altra-operazione
69;4;581;25.58;52.19;26.31;51.79;Altra-operazione
70;1;569;25.47;52.19;26.20;51.79;Altra-operazione
71;0;584;25.47;52.19;26.20;51.79;Altra-operazione
72;0;589;25.47;52.19;26.20;51.79;Altra-operazione
73;0;651;25.47;52.19;26.20;51.79;Altra-operazione
74;4;621;25.47;52.19;26.20;51.79;Altra-operazione
75;2;620;25.47;52.19;26.20;51.79;Altra-operazione
76;1;622;25.47;52.19;26.20;51.79;Altra-operazione
77;0;591;25.47;52.19;26.20;51.79;Altra-operazione
78;0;611;25.37;52.19;26.20;51.79;Altra-operazione
79;0;549;25.37;52.19;26.20;51.79;Altra-operazione
80;0;496;25.47;52.19;26.10;51.79;Altra-operazione
81;0;489;25.47;52.19;26.20;51.79;Altra-operazione
82;3;522;25.37;52.19;26.20;51.79;Altra-operazione
83;1;494;25.47;52.19;26.10;51.79;Altra-operazione
84;1;509;25.47;52.19;26.10;51.89;Altra-operazione
86;0;486;25.37;52.19;26.10;51.79;Altra-operazione
87;0;544;25.37;52.19;26.10;51.79;Altra-operazione
88;0;631;25.37;52.19;26.00;51.79;Altra-operazione
90;1;658;25.37;52.19;26.00;51.79;Altra-operazione
91;0;636;25.37;52.19;26.00;51.79;Altra-operazione
92;0;634;25.37;52.19;26.00;51.79;Altra-operazione
93;0;650;25.37;52.19;26.00;51.79;Altra-operazione
94;0;579;25.37;52.19;26.00;51.79;Altra-operazione
95;0;570;25.37;52.19;26.00;51.79;Altra-operazione
96;0;560;25.37;52.19;26.00;51.79;Altra-operazione
97;0;586;25.27;52.19;26.00;51.79;Altra-operazione
98;0;570;25.27;52.19;26.00;51.79;Altra-operazione
99;0;541;25.37;52.19;25.89;51.79;Altra-operazione
100;0;572;25.27;52.19;25.89;51.79;Altra-operazione
101;0;591;25.37;52.19;25.89;51.79;Altra-operazione
102;0;625;25.27;52.19;25.89;51.79;Altra-operazione
103;0;585;25.27;52.19;25.89;51.79;Altra-operazione
104;1;531;25.27;52.19;25.89;51.79;Altra-operazione
105;1;583;25.27;52.19;25.89;51.79;Altra-operazione
106;0;606;25.27;52.19;25.89;51.79;Altra-operazione
107;0;607;25.27;52.19;25.89;51.79;Altra-operazione
108;0;568;25.27;52.19;25.89;51.79;Altra-operazione
109;0;555;25.27;52.19;25.89;51.79;Altra-operazione
110;0;559;25.27;52.19;25.79;51.79;Altra-operazione
111;0;657;25.27;52.19;25.79;51.79;Altra-operazione
112;0;604;25.16;52.19;25.79;51.79;Altra-operazione
113;0;614;25.16;52.19;25.79;51.79;Altra-operazione
114;0;643;25.16;52.19;25.79;51.79;Altra-operazione
115;0;626;25.16;52.19;25.79;51.79;Altra-operazione
116;0;599;25.16;52.19;25.79;51.79;Altra-operazione
117;0;566;25.16;52.19;25.79;51.79;Altra-operazione
118;0;517;25.16;52.19;25.79;51.79;Altra-operazione
119;0;573;25.16;52.19;25.79;51.79;Altra-operazione
120;7;618;25.16;52.19;25.79;51.79;Altra-operazione
121;6;571;25.16;52.19;25.79;51.79;Altra-operazione
122;0;493;25.16;52.19;25.79;51.79;Altra-operazione
123;0;579;25.16;52.19;25.79;51.79;Altra-operazione
124;0;549;25.16;52.19;25.79;51.79;Altra-operazione
125;0;555;25.16;52.19;25.79;51.79;Altra-operazione
126;2;455;25.16;52.19;25.79;51.79;Altra-operazione
128;0;602;25.06;52.19;25.79;51.79;Altra-operazione
129;0;554;25.06;52.19;25.79;51.79;Altra-operazione
131;0;544;25.06;52.19;25.68;51.79;Altra-operazione
132;0;554;25.16;52.19;25.68;51.79;Altra-operazione
133;0;596;25.16;52.19;25.68;51.79;Altra-operazione
134;0;603;25.06;52.19;25.68;51.79;Altra-operazione
135;0;566;25.06;52.19;25.68;51.79;Altra-operazione
136;0;538;25.06;52.19;25.68;51.79;Altra-operazione
137;0;587;25.16;52.19;25.68;51.79;Altra-operazione
138;0;564;25.06;52.19;25.68;51.79;Altra-operazione
139;0;566;25.06;52.19;25.68;51.79;Altra-operazione
140;0;524;25.06;52.19;25.68;51.79;Altra-operazione
141;0;510;25.06;52.19;25.58;51.79;Altra-operazione
142;2;511;25.06;52.19;25.58;51.79;Altra-operazione
143;1;560;25.06;52.19;25.58;51.79;Altra-operazione
144;0;600;25.06;52.19;25.58;51.79;Altra-operazione
145;0;616;25.06;52.19;25.58;51.79;Altra-operazione
146;2;592;25.06;52.19;25.58;51.79;Altra-operazione
148;0;511;25.06;52.19;25.58;51.79;Altra-operazione
149;0;576;24.96;52.19;25.58;51.79;Altra-operazione
150;0;531;24.96;52.19;25.58;51.79;Altra-operazione
151;0;494;24.96;52.19;25.58;51.79;Altra-operazione
152;0;466;24.96;52.19;25.58;51.79;Altra-operazione
153;0;574;24.96;52.19;25.48;51.79;Altra-operazione
154;0;540;24.96;52.19;25.58;51.79;Altra-operazione
155;0;528;24.96;52.19;25.58;51.79;Altra-operazione
156;0;481;24.96;52.19;25.58;51.79;Altra-operazione
157;0;518;24.96;52.19;25.58;51.79;Altra-operazione
158;0;561;24.96;52.19;25.48;51.79;Altra-operazione
159;0;572;24.96;52.19;25.58;51.79;Altra-operazione
161;0;558;24.96;52.19;25.48;51.79;Altra-operazione
162;0;546;24.96;52.19;25.48;51.79;Altra-operazione
163;0;527;24.96;52.19;25.48;51.79;Altra-operazione
164;0;566;24.96;52.19;25.48;51.89;Altra-operazione
165;0;588;24.96;52.19;25.48;51.89;Altra-operazione
166;0;629;24.96;52.19;25.37;51.89;Altra-operazione
167;1;521;24.96;52.19;25.48;51.79;Altra-operazione
168;0;565;24.96;52.19;25.37;51.79;Altra-operazione
169;3;530;24.96;52.19;25.48;51.79;Altra-operazione
170;3;506;24.96;52.19;25.37;51.79;Altra-operazione
171;1;579;24.96;52.19;25.48;51.79;Altra-operazione
172;0;594;24.85;52.19;25.37;51.79;Altra-operazione
174;0;616;24.85;52.19;25.37;51.79;Altra-operazione
175;0;666;24.85;52.19;25.37;51.79;Altra-operazione
176;0;582;24.85;52.19;25.37;51.79;Altra-operazione
177;0;568;24.85;52.19;25.37;51.79;Altra-operazione
178;565;571;24.85;52.19;25.37;51.79;Altra-operazione
179;1250;572;24.75;52.19;25.37;51.79;Altra-operazione
180;1251;499;24.44;52.19;25.48;51.58;Altra-operazione
181;1251;543;23.92;52.19;25.48;51.17;Altra-operazione
182;769;591;23.40;52.19;25.68;50.75;Altra-operazione
183;597;588;22.89;52.19;25.89;50.23;Altra-operazione
184;504;563;22.27;52.19;26.10;49.72;Altra-operazione
185;471;579;21.75;52.09;26.41;49.30;Altra-operazione
186;453;664;21.23;52.19;26.62;48.89;Altra-operazione
187;448;681;20.82;52.19;26.83;48.58;Altra-operazione
188;451;668;20.30;52.19;27.14;48.16;Altra-operazione
189;448;602;19.89;52.19;27.35;47.85;Altra-operazione
190;448;493;19.58;52.19;27.45;47.54;Altra-operazione
191;449;467;19.17;52.19;27.55;47.33;Altra-operazione
192;454;550;18.86;52.19;27.76;47.02;Altra-operazione
193;509;562;18.65;52.19;27.87;46.71;Altra-operazione
194;524;603;18.34;52.19;27.87;46.51;Altra-operazione
195;531;575;18.13;52.19;27.97;46.30;Altra-operazione
196;535;543;17.93;52.19;27.97;45.99;Altra-operazione
197;535;623;17.72;52.19;27.97;45.88;Altra-operazione
198;534;488;17.51;52.19;28.07;45.57;Altra-operazione
199;534;484;17.31;52.19;27.97;45.37;Altra-operazione
200;533;582;17.20;52.19;27.97;45.16;Altra-operazione
201;532;603;17.00;52.19;27.97;44.95;Altra-operazione
202;534;550;16.89;52.19;27.87;44.85;Altra-operazione
203;538;530;16.79;52.19;27.76;44.75;Altra-operazione
204;538;528;16.69;52.19;27.66;44.54;Altra-operazione
205;538;564;16.58;52.19;27.55;44.44;Altra-operazione
206;537;607;16.58;52.09;27.45;44.33;Altra-operazione
207;538;634;16.38;52.09;27.45;44.23;Altra-operazione
208;538;566;16.27;52.09;27.35;44.02;Equicorrente
209;538;591;16.27;52.09;27.14;43.92;Equicorrente
210;539;703;16.17;52.09;27.14;43.81;Equicorrente
211;538;674;16.07;52.09;27.03;43.71;Equicorrente
212;539;619;16.07;52.09;26.93;43.71;Equicorrente
213;539;555;15.96;52.09;26.83;43.61;Equicorrente
214;540;568;15.86;52.09;26.72;43.50;Equicorrente
216;541;568;15.86;52.09;26.52;43.30;Equicorrente
217;541;563;15.76;51.98;26.41;43.19;Equicorrente
218;541;553;15.76;51.98;26.31;43.19;Equicorrente
219;540;554;15.76;52.09;26.31;43.09;Equicorrente
220;539;564;15.76;52.09;26.20;43.09;Equicorrente
221;541;566;15.65;51.98;26.10;43.09;Equicorrente
222;541;560;15.65;51.98;26.00;42.99;Equicorrente
223;541;471;15.65;51.98;25.89;42.88;Equicorrente
224;541;492;15.65;51.98;25.89;42.88;Equicorrente
226;541;572;15.55;51.98;25.79;42.78;Equicorrente
227;541;564;15.55;51.87;25.68;42.78;Equicorrente
228;541;671;15.55;51.87;25.58;42.78;Equicorrente
229;541;623;15.55;51.87;25.48;42.68;Equicorrente
230;541;591;15.45;51.87;25.48;42.68;Equicorrente
231;542;613;15.45;51.87;25.37;42.68;Equicorrente
232;541;519;15.45;51.87;25.37;42.57;Equicorrente
233;541;499;15.45;51.87;25.27;42.57;Equicorrente
234;541;576;15.45;51.87;25.27;42.57;Equicorrente
235;541;561;15.45;51.87;25.27;42.47;Equicorrente
236;541;636;15.45;51.77;25.16;42.47;Equicorrente
237;541;623;15.34;51.77;25.06;42.47;Equicorrente
238;540;615;15.34;51.77;25.06;42.47;Equicorrente
239;541;585;15.34;51.77;25.06;42.47;Equicorrente
240;540;561;15.34;51.77;24.96;42.47;Equicorrente
241;541;551;15.34;51.77;24.96;42.47;Equicorrente
242;541;459;15.34;51.77;24.96;42.36;Equicorrente
243;541;514;15.34;51.77;24.96;42.36;Equicorrente
244;539;618;15.34;51.66;24.85;42.26;Equicorrente
245;541;658;15.34;51.66;24.85;42.26;Equicorrente
246;541;611;15.34;51.66;24.75;42.26;Equicorrente
247;541;598;15.34;51.66;24.75;42.26;Equicorrente
248;541;587;15.24;51.66;24.75;42.26;Equicorrente
249;540;627;15.24;51.66;24.75;42.26;Equicorrente
250;541;578;15.24;51.55;24.75;42.26;Equicorrente
251;541;558;15.24;51.66;24.65;42.16;Equicorrente
252;541;491;15.24;51.55;24.65;42.16;Equicorrente
253;541;486;15.24;51.55;24.65;42.16;Equicorrente
254;541;516;15.24;51.66;24.65;42.16;Equicorrente
255;541;544;15.24;51.55;24.65;42.16;Equicorrente
256;540;478;15.24;51.55;24.54;42.16;Equicorrente
258;540;397;15.24;51.55;24.54;42.05;Equicorrente
259;540;521;15.24;51.55;24.54;42.16;Equicorrente
260;541;483;15.24;51.55;24.54;42.16;Equicorrente
261;541;553;15.24;51.55;24.44;42.05;Equicorrente
262;541;561;15.24;51.55;24.44;42.16;Equicorrente
264;541;575;15.24;51.45;24.44;42.05;Equicorrente
265;541;571;15.24;51.45;24.33;42.05;Equicorrente
266;541;596;15.24;51.45;24.44;42.16;Equicorrente
267;541;627;15.24;51.45;24.44;42.05;Equicorrente
268;540;566;15.24;51.45;24.33;42.05;Equicorrente
270;539;536;15.24;51.45;24.33;42.05;Equicorrente
271;539;522;15.24;51.34;24.33;42.05;Equicorrente
272;541;553;15.24;51.34;24.33;42.05;Equicorrente
273;541;527;15.24;51.34;24.33;42.05;Equicorrente
275;541;605;15.24;51.34;24.33;41.95;Equicorrente
276;541;581;15.34;51.34;24.33;41.95;Equicorrente
277;541;619;15.24;51.23;24.33;41.95;Equicorrente
278;541;630;15.34;51.23;24.33;41.95;Equicorrente
279;541;562;15.24;51.23;24.23;41.95;Equicorrente
281;541;623;15.24;51.23;24.23;41.85;Equicorrente
282;541;600;15.24;51.23;24.33;41.85;Equicorrente
283;541;524;15.24;51.23;24.23;41.85;Equicorrente
284;541;573;15.24;51.23;24.23;41.85;Equicorrente
285;541;594;15.24;51.23;24.33;41.85;Equicorrente
286;539;549;15.24;51.13;24.23;41.85;Equicorrente
287;539;534;15.24;51.13;24.23;41.85;Equicorrente
288;538;524;15.24;51.13;24.23;41.85;Equicorrente
289;539;575;15.24;51.13;24.23;41.74;Equicorrente
290;540;522;15.24;51.13;24.23;41.85;Equicorrente
291;541;543;15.24;51.13;24.23;41.74;Equicorrente
292;539;594;15.24;51.13;24.23;41.74;Equicorrente
293;538;626;15.24;51.13;24.23;41.74;Equicorrente
295;540;518;15.24;51.13;24.23;41.74;Equicorrente
296;541;528;15.24;51.02;24.23;41.74;Equicorrente
297;540;568;15.24;51.13;24.23;41.74;Equicorrente
298;541;577;15.24;51.02;24.13;41.74;Equicorrente
299;541;589;15.24;51.02;24.13;41.74;Equicorrente
300;540;550;15.24;51.02;24.13;41.64;Equicorrente
301;540;588;15.24;51.02;24.13;41.74;Equicorrente
302;539;551;15.24;51.02;24.23;41.74;Equicorrente
303;539;541;15.24;50.91;24.13;41.74;Equicorrente
304;540;574;15.24;51.02;24.13;41.64;Equicorrente
305;541;534;15.24;51.02;24.13;41.74;Equicorrente
306;540;491;15.24;51.02;24.13;41.74;Equicorrente
307;538;554;15.24;50.91;24.13;41.64;Equicorrente
308;539;627;15.24;50.91;24.13;41.64;Equicorrente
309;539;643;15.24;50.91;24.13;41.64;Equicorrente
311;539;545;15.24;51.02;24.13;41.64;Equicorrente
312;538;497;15.24;50.91;24.13;41.64;Equicorrente
313;538;511;15.24;50.91;24.13;41.64;Equicorrente
314;539;508;15.24;50.91;24.13;41.64;Equicorrente
315;538;554;15.24;50.91;24.13;41.64;Equicorrente
317;539;543;15.24;50.91;24.13;41.64;Equicorrente
318;539;485;15.24;50.91;24.13;41.64;Equicorrente
319;539;518;15.24;50.91;24.13;41.64;Equicorrente
320;538;524;15.24;50.91;24.13;41.64;Equicorrente
321;538;573;15.24;50.91;24.13;41.64;Equicorrente
323;540;599;15.24;50.91;24.02;41.64;Equicorrente
324;540;578;15.24;50.91;24.13;41.54;Equicorrente
325;539;616;15.24;50.91;24.13;41.64;Equicorrente
327;538;638;15.24;50.91;24.13;41.64;Equicorrente
328;541;598;15.24;50.91;24.13;41.64;Equicorrente
329;539;576;15.24;50.91;24.02;41.64;Equicorrente
330;539;574;15.24;50.91;24.02;41.54;Equicorrente
331;538;527;15.24;51.02;24.13;41.64;Equicorrente
332;538;576;15.24;50.91;24.02;41.54;Equicorrente
333;538;563;15.24;50.91;24.02;41.54;Equicorrente
335;538;601;15.24;50.91;24.13;41.64;Equicorrente
336;539;641;15.24;50.91;24.13;41.64;Equicorrente
337;539;625;15.24;50.91;24.02;41.64;Equicorrente
338;538;616;15.24;50.91;24.02;41.54;Equicorrente
339;540;557;15.24;50.91;24.13;41.54;Equicorrente
340;541;587;15.24;50.91;24.13;41.64;Equicorrente
341;539;614;15.24;50.91;24.13;41.64;Equicorrente
342;539;546;15.24;51.02;24.02;41.54;Equicorrente
343;538;594;15.24;50.91;24.02;41.64;Equicorrente
344;538;559;15.24;50.91;24.13;41.64;Equicorrente
345;538;579;15.24;50.91;24.13;41.64;Equicorrente
346;538;603;15.24;50.91;24.13;41.64;Equicorrente
347;538;559;15.24;50.91;24.13;41.64;Equicorrente
348;538;555;15.24;50.91;24.13;41.64;Equicorrente
349;538;638;15.24;50.91;24.13;41.54;Equicorrente
350;538;619;15.24;50.91;24.13;41.64;Equicorrente
351;538;581;15.24;50.91;24.13;41.54;Equicorrente
352;538;589;15.24;51.02;24.02;41.64;Equicorrente
353;538;654;15.24;50.91;24.02;41.64;Equicorrente
354;539;605;15.24;51.02;24.02;41.64;Equicorrente
355;539;597;15.24;50.91;24.02;41.54;Equicorrente
356;540;575;15.24;50.91;24.02;41.64;Equicorrente
357;539;541;15.24;51.02;24.13;41.64;Equicorrente
358;538;480;15.24;51.02;24.13;41.64;Equicorrente
359;538;479;15.24;51.02;24.02;41.64;Equicorrente
360;539;566;15.24;50.91;24.02;41.64;Equicorrente
361;539;522;15.24;51.02;24.02;41.64;Equicorrente
362;539;508;15.24;51.02;24.02;41.64;Equicorrente
363;538;541;15.24;50.91;24.13;41.64;Equicorrente
364;539;589;15.24;50.91;24.13;41.64;Equicorrente
365;538;526;15.24;50.91;24.13;41.64;Equicorrente
366;538;478;15.24;50.91;24.13;41.64;Equicorrente
367;538;487;15.24;50.91;24.13;41.64;Equicorrente
368;538;536;15.24;50.91;24.13;41.64;Equicorrente
369;538;537;15.24;51.02;24.13;41.64;Equicorrente
370;538;516;15.24;50.91;24.02;41.64;Equicorrente
371;538;559;15.24;51.02;24.02;41.64;Equicorrente
372;538;554;15.24;51.02;24.13;41.74;Equicorrente
374;539;477;15.24;51.02;24.13;41.64;Equicorrente
375;539;453;15.24;50.91;24.13;41.64;Equicorrente
376;539;502;15.24;51.02;24.13;41.64;Equicorrente
377;539;556;15.24;51.02;24.13;41.64;Equicorrente
378;538;539;15.24;51.02;24.13;41.74;Equicorrente
379;538;555;15.34;51.02;24.13;41.64;Equicorrente
380;538;541;15.24;51.02;24.13;41.64;Equicorrente
381;538;548;15.24;51.02;24.13;41.64;Equicorrente
382;538;650;15.24;51.02;24.13;41.64;Equicorrente
383;538;603;15.24;51.02;24.13;41.64;Equicorrente
384;539;588;15.24;51.02;24.13;41.64;Equicorrente
385;539;603;15.24;51.02;24.13;41.64;Equicorrente
386;539;567;15.24;51.02;24.13;41.64;Equicorrente
387;538;514;15.24;51.02;24.13;41.64;Equicorrente
388;539;524;15.24;51.02;24.13;41.64;Equicorrente
389;538;534;15.24;51.02;24.13;41.64;Equicorrente
391;538;557;15.34;51.02;24.13;41.64;Equicorrente
392;538;474;15.34;51.02;24.13;41.64;Equicorrente
393;538;449;15.34;51.02;24.13;41.64;Equicorrente
394;538;562;15.24;51.02;24.13;41.64;Equicorrente
395;538;549;15.34;51.02;24.13;41.74;Equicorrente
396;538;623;15.34;51.02;24.23;41.74;Equicorrente
397;539;621;15.24;51.02;24.13;41.74;Equicorrente
398;539;508;15.34;51.13;24.13;41.64;Equicorrente
399;539;534;15.34;51.02;24.23;41.64;Equicorrente
400;539;464;15.34;51.02;24.23;41.64;Equicorrente
401;538;513;15.34;51.13;24.23;41.74;Equicorrente
402;538;456;15.24;51.02;24.13;41.74;Equicorrente
403;538;494;15.34;51.13;24.23;41.64;Equicorrente
404;538;498;15.24;51.02;24.13;41.74;Equicorrente
405;539;591;15.34;51.02;24.13;41.64;Equicorrente
406;539;609;15.24;51.13;24.13;41.74;Equicorrente
407;539;573;15.24;51.02;24.13;41.64;Equicorrente
408;538;614;15.24;51.13;24.23;41.74;Equicorrente
409;538;595;15.34;51.02;24.23;41.74;Equicorrente
410;538;573;15.34;51.02;24.13;41.74;Equicorrente
411;538;584;15.34;51.13;24.13;41.74;Equicorrente
413;538;524;15.34;51.13;24.13;41.74;Equicorrente
414;538;547;15.34;51.02;24.23;41.74;Equicorrente
415;538;463;15.34;51.13;24.23;41.74;Equicorrente
416;539;543;15.34;51.13;24.23;41.74;Equicorrente
417;538;601;15.34;51.13;24.23;41.74;Equicorrente
418;538;555;15.34;51.13;24.23;41.74;Equicorrente
419;538;621;15.34;51.13;24.23;41.74;Equicorrente
420;538;649;15.34;51.13;24.13;41.74;Equicorrente
421;538;586;15.34;51.13;24.23;41.74;Equicorrente
422;538;614;15.34;51.13;24.23;41.74;Equicorrente
423;539;589;15.34;51.13;24.23;41.74;Equicorrente
424;539;571;15.34;51.13;24.23;41.74;Equicorrente
425;538;680;15.34;51.13;24.13;41.74;Equicorrente
426;537;694;15.34;51.13;24.13;41.74;Equicorrente
427;538;616;15.34;51.13;24.13;41.74;Equicorrente
428;539;605;15.34;51.13;24.13;41.74;Equicorrente
429;538;526;15.34;51.13;24.23;41.74;Equicorrente
431;538;536;15.34;51.13;24.13;41.74;Equicorrente
432;538;486;15.34;51.23;24.13;41.74;Altra-operazione
433;538;508;15.34;51.13;24.23;41.74;Altra-operazione
434;538;559;15.34;51.13;24.13;41.74;Altra-operazione
435;538;522;15.34;51.13;24.13;41.74;Altra-operazione
437;539;536;15.34;51.23;24.13;41.74;Altra-operazione
438;539;669;15.34;51.13;24.13;41.74;Altra-operazione
439;538;643;15.34;51.13;24.13;41.74;Altra-operazione
440;538;617;15.34;51.13;24.13;41.74;Altra-operazione
441;539;609;15.34;51.13;24.13;41.74;Altra-operazione
442;539;651;15.45;51.13;24.13;41.74;Altra-operazione
443;576;562;15.45;51.23;24.13;41.85;Altra-operazione
444;733;514;15.34;51.13;24.02;41.85;Altra-operazione
445;758;518;15.34;51.13;23.81;41.95;Altra-operazione
446;683;582;15.34;51.23;23.61;42.05;Altra-operazione
447;651;563;15.45;51.23;23.30;42.05;Altra-operazione
448;633;563;15.45;51.13;23.09;42.05;Altra-operazione
450;629;488;15.34;51.13;22.98;42.05;Altra-operazione
451;629;463;15.34;51.13;22.98;41.95;Altra-operazione
453;626;553;15.34;51.23;23.19;42.05;Altra-operazione
454;571;553;15.34;51.13;23.30;41.95;Altra-operazione
455;552;522;15.34;51.23;23.40;41.95;Altra-operazione
456;541;566;15.34;51.23;23.50;41.85;Altra-operazione
457;538;573;15.34;51.23;23.61;41.85;Altra-operazione
458;538;559;15.34;51.23;23.71;41.74;Altra-operazione
459;536;582;15.34;51.23;23.81;41.85;Altra-operazione
460;536;538;15.34;51.23;23.81;41.74;Altra-operazione
461;536;579;15.34;51.23;23.92;41.74;Altra-operazione
462;534;571;15.34;51.23;24.02;41.74;Altra-operazione
463;535;706;15.34;51.23;24.02;41.74;Controcorrente
464;536;644;15.34;51.23;24.13;41.74;Controcorrente
465;534;582;15.34;51.23;24.13;41.64;Controcorrente
466;534;573;15.34;51.23;24.13;41.64;Controcorrente
467;534;498;15.34;51.23;24.23;41.64;Controcorrente
468;535;514;15.34;51.23;24.23;41.74;Controcorrente
469;534;585;15.34;51.23;24.23;41.64;Controcorrente
470;535;639;15.34;51.23;24.33;41.64;Controcorrente
471;535;519;15.34;51.34;24.33;41.64;Controcorrente
472;535;583;15.45;51.23;24.33;41.64;Controcorrente
473;536;630;15.34;51.23;24.33;41.64;Controcorrente
474;534;511;15.34;51.23;24.44;41.64;Controcorrente
475;534;576;15.34;51.23;24.44;41.64;Controcorrente
476;534;593;15.34;51.34;24.44;41.64;Controcorrente
477;535;547;15.34;51.23;24.44;41.54;Controcorrente
478;536;566;15.34;51.23;24.54;41.64;Controcorrente
479;535;564;15.34;51.34;24.44;41.64;Controcorrente
480;535;596;15.34;51.34;24.44;41.54;Controcorrente
481;536;559;15.45;51.34;24.54;41.54;Controcorrente
482;535;568;15.34;51.34;24.54;41.54;Controcorrente
483;535;604;15.45;51.34;24.54;41.54;Controcorrente
484;536;573;15.45;51.34;24.54;41.64;Controcorrente
485;536;532;15.45;51.34;24.54;41.54;Controcorrente
486;536;586;15.34;51.34;24.54;41.54;Controcorrente
487;535;576;15.45;51.34;24.54;41.54;Controcorrente
488;535;547;15.45;51.34;24.54;41.54;Controcorrente
489;536;580;15.45;51.34;24.65;41.64;Controcorrente
490;536;596;15.34;51.34;24.65;41.54;Controcorrente
491;536;575;15.34;51.34;24.65;41.64;Controcorrente
492;536;584;15.45;51.34;24.65;41.54;Controcorrente
493;534;564;15.45;51.34;24.65;41.64;Controcorrente
494;536;445;15.45;51.34;24.65;41.64;Controcorrente
496;536;514;15.34;51.34;24.65;41.64;Controcorrente
497;536;537;15.34;51.34;24.65;41.64;Controcorrente
498;536;592;15.34;51.23;24.65;41.54;Controcorrente
499;535;513;15.45;51.34;24.65;41.54;Controcorrente
500;536;580;15.34;51.34;24.65;41.54;Controcorrente
501;536;599;15.34;51.34;24.65;41.54;Controcorrente
502;536;693;15.34;51.34;24.65;41.64;Controcorrente
503;535;679;15.45;51.34;24.65;41.54;Controcorrente
504;535;652;15.45;51.34;24.65;41.64;Controcorrente
505;535;621;15.45;51.34;24.65;41.64;Controcorrente
506;534;576;15.34;51.34;24.65;41.64;Controcorrente
507;534;601;15.34;51.34;24.75;41.64;Controcorrente
508;534;618;15.34;51.34;24.75;41.64;Controcorrente
509;535;586;15.34;51.34;24.75;41.54;Controcorrente
510;534;551;15.45;51.34;24.75;41.54;Controcorrente
511;535;618;15.45;51.34;24.75;41.64;Controcorrente
512;534;619;15.45;51.34;24.75;41.54;Controcorrente
513;534;608;15.45;51.34;24.75;41.64;Controcorrente
514;535;488;15.45;51.34;24.75;41.64;Controcorrente
515;534;483;15.45;51.34;24.75;41.54;Controcorrente
516;534;509;15.45;51.34;24.75;41.54;Controcorrente
517;534;523;15.45;51.34;24.75;41.54;Controcorrente
518;534;556;15.45;51.34;24.75;41.64;Controcorrente
519;534;543;15.45;51.34;24.75;41.64;Controcorrente
520;535;615;15.45;51.34;24.75;41.54;Controcorrente
521;536;626;15.45;51.34;24.75;41.54;Controcorrente
522;535;561;15.45;51.34;24.75;41.64;Controcorrente
523;535;504;15.45;51.34;24.75;41.54;Controcorrente
524;534;526;15.45;51.34;24.75;41.54;Controcorrente
525;535;483;15.45;51.34;24.75;41.54;Controcorrente
526;535;474;15.45;51.34;24.75;41.54;Controcorrente
527;535;483;15.45;51.34;24.75;41.54;Controcorrente
528;534;479;15.45;51.34;24.75;41.54;Controcorrente
529;535;580;15.45;51.34;24.75;41.54;Controcorrente
530;534;583;15.45;51.34;24.65;41.54;Controcorrente
532;536;599;15.45;51.34;24.75;41.64;Controcorrente
533;535;607;15.45;51.34;24.75;41.64;Controcorrente
534;534;592;15.45;51.34;24.75;41.64;Controcorrente
536;534;519;15.45;51.34;24.75;41.54;Controcorrente
537;535;535;15.45;51.34;24.75;41.54;Controcorrente
538;535;529;15.45;51.34;24.75;41.64;Controcorrente
539;534;561;15.45;51.34;24.75;41.54;Controcorrente
540;535;613;15.45;51.34;24.75;41.64;Controcorrente
541;536;695;15.45;51.34;24.75;41.64;Controcorrente
542;536;541;15.45;51.34;24.75;41.54;Controcorrente
543;536;584;15.45;51.34;24.75;41.54;Controcorrente
544;537;635;15.45;51.34;24.75;41.54;Controcorrente
545;538;586;15.45;51.34;24.65;41.54;Controcorrente
546;536;502;15.34;51.45;24.75;41.64;Controcorrente
547;535;494;15.34;51.34;24.75;41.64;Controcorrente
548;536;510;15.45;51.45;24.75;41.54;Controcorrente
549;534;555;15.45;51.45;24.75;41.64;Controcorrente
550;535;613;15.45;51.45;24.75;41.54;Controcorrente
551;535;616;15.45;51.34;24.75;41.64;Controcorrente
552;536;598;15.45;51.45;24.75;41.54;Controcorrente
553;536;569;15.45;51.34;24.75;41.64;Controcorrente
554;535;608;15.45;51.34;24.75;41.54;Controcorrente
555;536;605;15.45;51.34;24.75;41.54;Controcorrente
556;535;536;15.45;51.34;24.75;41.64;Controcorrente
557;534;473;15.45;51.34;24.75;41.64;Controcorrente
558;534;501;15.45;51.34;24.85;41.64;Controcorrente
559;535;574;15.45;51.34;24.75;41.64;Controcorrente
560;534;537;15.45;51.34;24.75;41.64;Controcorrente
561;536;606;15.45;51.34;24.85;41.64;Controcorrente
562;536;583;15.45;51.34;24.75;41.64;Controcorrente
563;536;638;15.45;51.34;24.75;41.64;Controcorrente
564;535;639;15.45;51.45;24.75;41.64;Controcorrente
566;536;527;15.45;51.45;24.75;41.64;Controcorrente
567;535;457;15.45;51.34;24.75;41.54;Controcorrente
568;536;469;15.45;51.34;24.75;41.64;Controcorrente
569;536;536;15.45;51.34;24.75;41.64;Controcorrente
570;536;601;15.45;51.34;24.85;41.64;Controcorrente
571;536;667;15.45;51.34;24.75;41.64;Controcorrente
572;536;672;15.45;51.34;24.75;41.64;Controcorrente
573;536;641;15.45;51.34;24.85;41.64;Controcorrente
574;536;594;15.45;51.45;24.75;41.64;Controcorrente
575;535;546;15.45;51.45;24.85;41.64;Controcorrente
576;536;543;15.45;51.45;24.85;41.64;Controcorrente
577;536;514;15.45;51.45;24.85;41.64;Controcorrente
578;536;475;15.45;51.34;24.85;41.64;Controcorrente
580;535;548;15.45;51.45;24.85;41.64;Controcorrente
581;534;571;15.45;51.45;24.85;41.64;Controcorrente
582;535;618;15.45;51.45;24.85;41.64;Controcorrente
583;534;607;15.45;51.45;24.85;41.64;Controcorrente
584;536;611;15.45;51.45;24.75;41.64;Controcorrente
586;534;514;15.45;51.45;24.85;41.64;Controcorrente
587;534;554;15.45;51.45;24.75;41.64;Controcorrente
588;535;594;15.45;51.45;24.85;41.64;Controcorrente
589;535;599;15.45;51.45;24.85;41.74;Controcorrente
590;535;580;15.45;51.45;24.85;41.64;Controcorrente
591;535;609;15.45;51.45;24.85;41.64;Controcorrente
592;535;600;15.45;51.45;24.85;41.64;Controcorrente
593;534;549;15.45;51.45;24.85;41.64;Controcorrente
594;534;573;15.45;51.45;24.85;41.64;Controcorrente
595;534;579;15.45;51.45;24.85;41.64;Controcorrente
596;535;594;15.45;51.45;24.85;41.64;Controcorrente
597;535;609;15.45;51.45;24.75;41.64;Controcorrente
598;535;642;15.45;51.45;24.75;41.64;Controcorrente
599;536;572;15.45;51.45;24.75;41.64;Controcorrente
600;536;530;15.45;51.45;24.75;41.74;Controcorrente
601;535;555;15.45;51.45;24.75;41.64;Controcorrente
602;534;544;15.45;51.55;24.75;41.64;Controcorrente
603;534;471;15.45;51.55;24.75;41.64;Controcorrente
604;535;568;15.45;51.55;24.75;41.64;Controcorrente
605;534;544;15.45;51.55;24.75;41.64;Controcorrente
606;535;597;15.45;51.55;24.75;41.74;Controcorrente
607;535;561;15.45;51.55;24.75;41.64;Controcorrente
608;535;491;15.45;51.55;24.75;41.64;Controcorrente
609;536;520;15.45;51.55;24.85;41.64;Controcorrente
610;535;571;15.45;51.55;24.85;41.74;Controcorrente
611;534;524;15.45;51.45;24.85;41.64;Controcorrente
612;536;519;15.45;51.45;24.85;41.74;Controcorrente
613;535;524;15.45;51.45;24.85;41.74;Controcorrente
614;535;469;15.45;51.55;24.85;41.64;Controcorrente
615;535;498;15.45;51.55;24.85;41.74;Controcorrente
616;536;563;15.34;51.55;24.85;41.64;Controcorrente
617;535;577;15.45;51.55;24.85;41.74;Controcorrente
618;536;498;15.45;51.55;24.85;41.74;Controcorrente
619;536;540;15.45;51.55;24.85;41.74;Controcorrente
620;536;583;15.45;51.45;24.85;41.74;Controcorrente
622;535;622;15.45;51.55;24.85;41.64;Controcorrente
623;534;594;15.45;51.55;24.85;41.74;Controcorrente
624;535;536;15.45;51.55;24.85;41.74;Controcorrente
625;535;594;15.45;51.55;24.85;41.64;Controcorrente
626;534;601;15.45;51.55;24.85;41.64;Controcorrente
628;535;538;15.45;51.55;24.75;41.74;Controcorrente
629;535;536;15.45;51.55;24.85;41.64;Controcorrente
630;535;599;15.45;51.55;24.85;41.74;Controcorrente
631;535;639;15.45;51.55;24.85;41.74;Controcorrente
632;535;554;15.34;51.55;24.85;41.74;Controcorrente
634;535;609;15.45;51.55;24.85;41.74;Controcorrente
635;534;564;15.34;51.55;24.85;41.74;Controcorrente
636;533;575;15.45;51.55;24.85;41.74;Controcorrente
637;534;599;15.45;51.55;24.85;41.74;Controcorrente
638;534;447;15.34;51.55;24.85;41.74;Controcorrente
639;535;524;15.34;51.55;24.85;41.74;Controcorrente
640;534;639;15.34;51.55;24.85;41.74;Controcorrente
641;535;588;15.34;51.55;24.75;41.74;Controcorrente
642;534;518;15.45;51.55;24.75;41.74;Controcorrente
643;534;484;15.34;51.55;24.75;41.74;Controcorrente
644;534;519;15.34;51.55;24.85;41.74;Controcorrente
645;535;569;15.45;51.55;24.85;41.74;Controcorrente
646;536;557;15.45;51.55;24.75;41.74;Controcorrente
647;535;543;15.34;51.55;24.85;41.74;Controcorrente
648;534;541;15.34;51.55;24.85;41.64;Controcorrente
649;535;574;15.45;51.55;24.75;41.64;Controcorrente
650;535;613;15.34;51.55;24.75;41.64;Controcorrente
651;534;654;15.34;51.55;24.75;41.64;Controcorrente
652;534;651;15.34;51.55;24.85;41.64;Controcorrente
653;535;663;15.34;51.55;24.75;41.64;Controcorrente
654;535;536;15.34;51.55;24.85;41.74;Controcorrente
655;534;554;15.45;51.55;24.85;41.74;Controcorrente
656;535;579;15.34;51.55;24.85;41.64;Controcorrente
657;535;591;15.34;51.55;24.85;41.74;Controcorrente
658;536;559;15.34;51.55;24.85;41.74;Controcorrente
659;535;578;15.34;51.55;24.85;41.74;Controcorrente
660;535;522;15.34;51.55;24.85;41.64;Controcorrente
661;536;616;15.34;51.55;24.85;41.74;Controcorrente
662;534;615;15.34;51.55;24.85;41.74;Controcorrente
664;535;558;15.34;51.55;24.85;41.74;Controcorrente
665;535;612;15.34;51.55;24.75;41.74;Controcorrente
666;534;590;15.34;51.55;24.85;41.64;Controcorrente
667;535;638;15.34;51.55;24.85;41.64;Controcorrente
668;535;684;15.34;51.55;24.85;41.64;Controcorrente
669;534;575;15.34;51.55;24.75;41.74;Controcorrente
670;535;610;15.34;51.66;24.75;41.74;Controcorrente
671;534;594;15.45;51.55;24.85;41.64;Controcorrente
672;534;574;15.45;51.55;24.85;41.64;Altra-operazione
673;534;558;15.45;51.55;24.75;41.74;Altra-operazione
674;534;584;15.34;51.55;24.85;41.64;Altra-operazione
675;536;622;15.34;51.66;24.75;41.64;Altra-operazione
676;534;668;15.34;51.55;24.75;41.64;Altra-operazione
677;534;599;15.34;51.55;24.85;41.64;Altra-operazione
678;535;498;15.34;51.55;24.75;41.64;Altra-operazione
679;535;627;15.34;51.66;24.75;41.64;Altra-operazione
680;536;564;15.34;51.55;24.85;41.64;Altra-operazione
682;536;560;15.34;51.66;24.75;41.64;Altra-operazione
683;535;566;15.34;51.66;24.85;41.74;Altra-operazione
684;534;619;15.34;51.55;24.85;41.74;Altra-operazione
685;535;591;15.34;51.66;24.85;41.74;Altra-operazione
686;534;522;15.34;51.66;24.85;41.74;Altra-operazione
687;534;486;15.34;51.55;24.85;41.74;Altra-operazione
688;534;435;15.34;51.66;24.85;41.74;Altra-operazione
689;534;455;15.34;51.55;24.85;41.64;Altra-operazione
690;534;485;15.34;51.66;24.75;41.74;Altra-operazione
691;534;507;15.45;51.66;24.75;41.74;Altra-operazione
692;534;419;15.34;51.66;24.85;41.64;Altra-operazione
693;534;488;15.34;51.66;24.75;41.64;Altra-operazione
694;534;512;15.34;51.66;24.75;41.74;Altra-operazione
696;519;566;15.34;51.55;24.85;41.74;Altra-operazione
697;465;680;15.34;51.55;24.75;41.74;Altra-operazione
698;431;654;15.34;51.55;24.85;41.74;Altra-operazione
699;410;631;15.34;51.66;24.85;41.74;Altra-operazione
700;369;626;15.34;51.66;24.75;41.85;Altra-operazione
701;356;585;15.34;51.66;24.75;41.85;Altra-operazione
702;346;575;15.34;51.66;24.85;41.95;Altra-operazione
703;268;666;15.34;51.66;24.85;42.05;Altra-operazione
704;219;579;15.34;51.66;24.85;42.05;Altra-operazione
705;189;532;15.34;51.66;24.85;42.16;Altra-operazione
706;124;536;15.34;51.66;24.85;42.26;Altra-operazione
707;85;526;15.34;51.66;24.85;42.47;Altra-operazione
708;63;516;15.34;51.66;24.96;42.68;Altra-operazione
709;50;560;15.34;51.66;24.96;42.78;Altra-operazione
710;48;559;15.34;51.66;25.06;43.09;Altra-operazione
711;46;513;15.34;51.66;25.06;43.30;Altra-operazione
712;55;499;15.34;51.66;25.06;43.50;Altra-operazione
713;81;561;15.34;51.66;25.16;43.61;Altra-operazione
714;97;531;15.34;51.66;25.16;43.92;Altra-operazione
715;100;581;15.34;51.66;25.16;44.12;Altra-operazione
716;101;585;15.34;51.66;25.27;44.23;Altra-operazione
717;118;619;15.34;51.66;25.27;44.33;Altra-operazione
718;131;513;15.45;51.66;25.37;44.54;Altra-operazione
719;136;561;15.34;51.66;25.48;44.54;Altra-operazione
720;141;489;15.34;51.66;25.48;44.64;Altra-operazione
721;146;532;15.34;51.66;25.58;44.75;Altra-operazione
722;159;528;15.34;51.77;25.68;44.75;Altra-operazione
723;169;550;15.34;51.77;25.89;44.85;Altra-operazione
724;170;609;15.34;51.66;26.00;44.85;Altra-operazione
725;171;594;15.34;51.66;26.10;44.95;Altra-operazione
726;172;634;15.45;51.77;26.31;44.95;Altra-operazione
727;172;535;15.34;51.77;26.62;44.95;Altra-operazione
728;172;525;15.45;51.77;26.72;45.06;Altra-operazione
730;172;566;15.45;51.77;27.14;45.06;Altra-operazione
731;171;593;15.45;51.77;27.35;45.06;Altra-operazione
732;171;607;15.45;51.77;27.55;45.16;Altra-operazione
733;172;560;15.45;51.77;27.76;45.16;Altra-operazione
734;172;606;15.45;51.77;27.97;45.16;Altra-operazione
735;172;524;15.45;51.77;28.18;45.16;Controcorrente
736;171;494;15.34;51.77;28.39;45.16;Controcorrente
737;171;511;15.45;51.77;28.59;45.16;Controcorrente
738;171;579;15.45;51.77;28.80;45.16;Controcorrente
739;170;519;15.45;51.77;29.11;45.26;Controcorrente
741;171;554;15.45;51.87;29.53;45.26;Controcorrente
742;171;579;15.45;51.77;29.63;45.26;Controcorrente
743;172;506;15.45;51.77;29.84;45.26;Controcorrente
744;171;469;15.45;51.87;30.05;45.26;Controcorrente
745;171;508;15.45;51.77;30.26;45.26;Controcorrente
747;172;485;15.45;51.77;30.57;45.26;Controcorrente
748;172;544;15.45;51.77;30.67;45.26;Controcorrente
749;172;578;15.34;51.77;30.88;45.26;Controcorrente
750;172;541;15.45;51.77;30.98;45.26;Controcorrente
751;172;507;15.45;51.77;31.19;45.26;Controcorrente
752;171;626;15.45;51.77;31.29;45.26;Controcorrente
753;172;598;15.45;51.77;31.40;45.26;Controcorrente
754;172;563;15.34;51.77;31.50;45.26;Controcorrente
755;172;526;15.34;51.77;31.61;45.26;Controcorrente
756;171;439;15.45;51.77;31.81;45.26;Controcorrente
757;171;558;15.45;51.77;31.92;45.26;Controcorrente
758;171;609;15.34;51.77;32.02;45.26;Controcorrente
759;171;614;15.45;51.77;32.12;45.26;Controcorrente
760;172;531;15.45;51.77;32.23;45.26;Controcorrente
761;171;558;15.45;51.77;32.33;45.26;Controcorrente
762;172;622;15.45;51.77;32.33;45.26;Controcorrente
763;172;601;15.45;51.77;32.44;45.37;Controcorrente
764;171;601;15.45;51.66;32.54;45.37;Controcorrente
765;172;587;15.45;51.77;32.64;45.26;Controcorrente
766;172;609;15.45;51.77;32.64;45.26;Controcorrente
767;172;560;15.34;51.77;32.64;45.26;Controcorrente
768;172;614;15.45;51.77;32.75;45.26;Controcorrente
769;171;621;15.34;51.77;32.75;45.26;Controcorrente
770;171;606;15.45;51.66;32.85;45.26;Controcorrente
771;171;606;15.45;51.66;32.85;45.26;Controcorrente
772;169;586;15.34;51.66;32.96;45.26;Controcorrente
773;169;638;15.34;51.66;32.96;45.26;Controcorrente
774;171;631;15.34;51.66;32.96;45.26;Controcorrente
775;171;643;15.34;51.66;32.96;45.26;Controcorrente
776;171;644;15.34;51.66;33.06;45.26;Controcorrente
777;170;553;15.34;51.66;33.16;45.26;Controcorrente
778;171;571;15.34;51.66;33.16;45.26;Controcorrente
779;171;590;15.34;51.66;33.16;45.26;Controcorrente
780;170;549;15.34;51.55;33.16;45.26;Controcorrente
781;170;574;15.34;51.66;33.27;45.26;Controcorrente
783;171;538;15.34;51.66;33.27;45.26;Controcorrente
784;171;609;15.34;51.66;33.27;45.26;Controcorrente
785;171;608;15.34;51.55;33.27;45.26;Controcorrente
786;171;597;15.34;51.55;33.37;45.16;Controcorrente
787;170;579;15.34;51.66;33.37;45.16;Controcorrente
788;171;516;15.34;51.55;33.37;45.16;Controcorrente
789;171;498;15.34;51.55;33.37;45.16;Controcorrente
790;171;571;15.34;51.55;33.37;45.16;Controcorrente
792;171;472;15.34;51.55;33.48;45.16;Controcorrente
793;169;448;15.34;51.45;33.48;45.16;Controcorrente
794;169;561;15.34;51.55;33.48;45.16;Controcorrente
795;170;620;15.34;51.55;33.48;45.16;Controcorrente
796;171;578;15.34;51.55;33.48;45.16;Controcorrente
797;171;573;15.34;51.55;33.48;45.16;Controcorrente
798;171;573;15.34;51.55;33.58;45.16;Controcorrente
799;171;569;15.45;51.55;33.58;45.06;Controcorrente
800;170;530;15.34;51.55;33.48;45.06;Controcorrente
801;170;541;15.34;51.45;33.58;45.06;Controcorrente
802;170;534;15.34;51.55;33.48;45.06;Controcorrente
803;171;571;15.45;51.45;33.48;45.06;Controcorrente
804;171;588;15.34;51.45;33.48;45.06;Controcorrente
806;171;548;15.34;51.45;33.48;45.06;Controcorrente
807;170;525;15.34;51.45;33.48;45.06;Controcorrente
809;171;627;15.34;51.45;33.48;45.06;Controcorrente
810;170;597;15.34;51.45;33.58;45.06;Controcorrente
811;170;594;15.34;51.34;33.58;45.06;Controcorrente
812;171;619;15.34;51.34;33.58;45.06;Controcorrente
813;170;676;15.34;51.34;33.58;45.06;Controcorrente
814;169;624;15.34;51.34;33.58;45.06;Controcorrente
815;169;577;15.34;51.34;33.58;45.06;Controcorrente
816;169;635;15.34;51.34;33.58;45.06;Controcorrente
817;170;566;15.34;51.34;33.58;45.06;Controcorrente
818;171;520;15.34;51.34;33.58;45.06;Controcorrente
819;171;542;15.34;51.34;33.58;44.95;Controcorrente
820;171;641;15.34;51.34;33.58;44.95;Controcorrente
821;171;610;15.34;51.34;33.58;45.06;Controcorrente
822;169;619;15.24;51.34;33.58;44.95;Controcorrente
823;170;623;15.24;51.23;33.48;44.95;Controcorrente
824;171;585;15.24;51.23;33.58;44.95;Controcorrente
825;169;585;15.34;51.23;33.58;44.95;Controcorrente
826;169;531;15.24;51.23;33.58;44.95;Controcorrente
827;170;607;15.34;51.23;33.58;44.95;Controcorrente
828;171;598;15.34;51.23;33.58;44.95;Controcorrente
829;170;628;15.24;51.23;33.58;44.95;Controcorrente
830;171;525;15.34;51.23;33.58;44.95;Controcorrente
831;170;543;15.24;51.23;33.58;44.95;Controcorrente
832;170;616;15.34;51.23;33.58;44.95;Controcorrente
833;171;604;15.34;51.13;33.58;44.95;Controcorrente
834;169;656;15.34;51.23;33.58;44.95;Controcorrente
835;170;617;15.34;51.23;33.58;44.95;Controcorrente
836;169;646;15.24;51.23;33.58;44.95;Controcorrente
837;170;518;15.24;51.13;33.58;44.95;Controcorrente
838;170;491;15.34;51.13;33.58;44.95;Controcorrente
840;171;578;15.34;51.13;33.58;44.85;Controcorrente
841;171;551;15.34;51.13;33.58;44.95;Controcorrente
842;170;528;15.34;51.13;33.58;44.85;Controcorrente
843;171;586;15.34;51.13;33.58;44.95;Controcorrente
844;171;603;15.34;51.13;33.58;44.95;Controcorrente
845;170;606;15.34;51.13;33.58;44.95;Controcorrente
846;169;571;15.34;51.13;33.58;44.85;Controcorrente
847;169;558;15.34;51.13;33.58;44.85;Controcorrente
848;171;575;15.34;51.13;33.58;44.95;Controcorrente
849;172;586;15.34;51.13;33.58;44.95;Controcorrente
850;171;597;15.34;51.13;33.48;44.95;Controcorrente
851;170;578;15.34;51.13;33.58;44.95;Controcorrente
852;169;591;15.34;51.13;33.58;44.95;Controcorrente
853;170;587;15.34;51.13;33.58;44.95;Controcorrente
854;170;508;15.34;51.13;33.48;44.95;Controcorrente
855;171;548;15.34;51.13;33.58;44.85;Controcorrente
856;171;514;15.34;51.13;33.48;44.85;Controcorrente
857;170;556;15.34;51.13;33.58;44.95;Controcorrente
858;171;651;15.34;51.13;33.48;44.95;Controcorrente
859;170;547;15.34;51.13;33.48;44.95;Controcorrente
860;171;608;15.34;51.13;33.48;44.95;Controcorrente
861;171;571;15.34;51.13;33.48;44.95;Controcorrente
862;170;618;15.34;51.13;33.48;44.85;Controcorrente
863;169;605;15.34;51.13;33.48;44.95;Controcorrente
864;169;571;15.34;51.13;33.48;44.95;Controcorrente
865;169;530;15.34;51.13;33.48;44.95;Controcorrente
866;169;564;15.34;51.13;33.48;44.95;Controcorrente
867;169;569;15.34;51.13;33.48;44.95;Controcorrente
868;169;621;15.34;51.13;33.48;44.95;Controcorrente
869;170;609;15.34;51.13;33.48;44.95;Controcorrente
870;170;574;15.34;51.13;33.58;44.95;Controcorrente
871;169;519;15.34;51.13;33.48;44.95;Controcorrente
872;171;523;15.34;51.23;33.48;44.95;Controcorrente
873;170;504;15.34;51.13;33.48;44.95;Controcorrente
874;170;586;15.34;51.23;33.48;44.95;Controcorrente
875;170;547;15.45;51.23;33.48;44.95;Controcorrente
876;169;601;15.34;51.23;33.48;44.95;Controcorrente
877;169;592;15.34;51.23;33.48;44.95;Controcorrente
878;169;608;15.34;51.34;33.48;44.95;Controcorrente
879;170;456;15.34;51.23;33.48;44.95;Controcorrente
880;169;481;15.34;51.23;33.48;44.95;Controcorrente
881;170;529;15.34;51.23;33.48;44.95;Controcorrente
882;171;567;15.34;51.23;33.48;44.95;Controcorrente
883;171;639;15.34;51.23;33.48;44.95;Controcorrente
884;170;671;15.34;51.34;33.48;44.95;Controcorrente
885;170;561;15.34;51.23;33.48;44.95;Controcorrente
886;169;556;15.34;51.23;33.48;44.95;Controcorrente
887;169;623;15.34;51.23;33.48;44.95;Controcorrente
888;170;640;15.34;51.23;33.48;44.95;Controcorrente
890;170;561;15.34;51.34;33.48;45.06;Controcorrente
891;170;523;15.34;51.23;33.48;45.06;Controcorrente
892;170;514;15.34;51.23;33.48;45.06;Controcorrente
893;171;525;15.34;51.23;33.58;45.06;Controcorrente
894;170;548;15.34;51.34;33.58;45.06;Controcorrente
895;171;588;15.34;51.23;33.58;45.06;Controcorrente
896;171;634;15.34;51.34;33.58;45.06;Controcorrente
897;169;555;15.34;51.34;33.58;44.95;Controcorrente
898;170;555;15.34;51.34;33.58;45.06;Controcorrente
899;171;465;15.34;51.34;33.58;45.06;Controcorrente
900;170;478;15.34;51.34;33.58;45.06;Controcorrente
902;170;538;15.34;51.34;33.58;45.06;Controcorrente
903;171;557;15.34;51.34;33.58;45.16;Controcorrente
904;171;546;15.34;51.34;33.58;45.06;Controcorrente
905;170;474;15.34;51.34;33.58;45.06;Controcorrente
906;170;580;15.34;51.34;33.58;45.06;Controcorrente
908;169;554;15.34;51.34;33.58;45.06;Controcorrente
909;169;582;15.34;51.34;33.58;45.16;Controcorrente
910;169;623;15.34;51.34;33.58;45.16;Controcorrente
911;169;583;15.34;51.34;33.58;45.16;Controcorrente
912;169;604;15.34;51.34;33.68;45.16;Controcorrente
914;169;633;15.34;51.45;33.68;45.16;Controcorrente
915;169;638;15.34;51.45;33.58;45.16;Controcorrente
916;169;619;15.34;51.45;33.58;45.16;Controcorrente
917;169;565;15.34;51.45;33.58;45.16;Controcorrente
918;170;525;15.34;51.45;33.58;45.16;Controcorrente
919;169;686;15.34;51.45;33.58;45.16;Controcorrente
920;169;600;15.34;51.45;33.58;45.16;Controcorrente
922;169;556;15.34;51.55;33.58;45.16;Controcorrente
923;169;540;15.34;51.45;33.58;45.16;Controcorrente
924;169;478;15.34;51.45;33.58;45.26;Controcorrente
925;170;506;15.34;51.45;33.58;45.26;Controcorrente
926;170;514;15.34;51.45;33.58;45.26;Controcorrente
927;169;582;15.34;51.55;33.68;45.26;Controcorrente
928;170;599;15.34;51.55;33.68;45.26;Controcorrente
929;171;639;15.34;51.55;33.68;45.26;Controcorrente
930;171;610;15.34;51.55;33.68;45.26;Controcorrente
931;171;599;15.34;51.55;33.68;45.26;Controcorrente
932;170;519;15.34;51.55;33.68;45.26;Controcorrente
933;169;607;15.34;51.55;33.68;45.26;Controcorrente
934;170;592;15.34;51.55;33.68;45.26;Controcorrente
935;170;570;15.34;51.55;33.68;45.26;Controcorrente
936;169;599;15.34;51.55;33.68;45.26;Controcorrente
937;169;599;15.34;51.66;33.68;45.26;Controcorrente
939;169;592;15.34;51.55;33.68;45.26;Controcorrente
940;169;638;15.34;51.66;33.68;45.37;Controcorrente
941;171;640;15.34;51.66;33.68;45.26;Controcorrente
942;171;584;15.34;51.66;33.68;45.37;Controcorrente
943;170;543;15.34;51.66;33.68;45.37;Controcorrente
944;169;524;15.34;51.66;33.68;45.26;Controcorrente
945;169;521;15.34;51.66;33.68;45.37;Controcorrente
946;169;566;15.34;51.66;33.68;45.26;Controcorrente
947;170;616;15.34;51.66;33.68;45.37;Controcorrente
948;169;625;15.34;51.66;33.68;45.37;Controcorrente
949;169;693;15.34;51.66;33.68;45.37;Controcorrente
950;169;664;15.34;51.66;33.68;45.37;Controcorrente
951;170;588;15.34;51.66;33.68;45.37;Controcorrente
952;169;559;15.34;51.66;33.68;45.37;Controcorrente
953;169;556;15.34;51.77;33.68;45.37;Controcorrente
954;169;559;15.34;51.66;33.68;45.37;Controcorrente
955;169;623;15.34;51.77;33.68;45.37;Controcorrente
956;169;568;15.34;51.66;33.68;45.37;Controcorrente
957;170;551;15.34;51.77;33.68;45.37;Controcorrente
958;169;608;15.34;51.66;33.68;45.37;Controcorrente
959;169;571;15.34;51.77;33.68;45.37;Controcorrente
961;170;466;15.34;51.66;33.79;45.37;Controcorrente
962;169;499;15.34;51.77;33.79;45.47;Controcorrente
963;171;566;15.34;51.77;33.79;45.37;Controcorrente
964;170;544;15.34;51.77;33.79;45.37;Controcorrente
965;169;604;15.34;51.77;33.79;45.37;Controcorrente
966;169;562;15.34;51.77;33.79;45.37;Controcorrente
967;170;558;15.34;51.77;33.79;45.37;Controcorrente
969;171;596;15.34;51.87;33.79;45.37;Controcorrente
970;171;544;15.34;51.77;33.79;45.37;Controcorrente
971;170;541;15.34;51.87;33.79;45.47;Controcorrente
972;170;502;15.34;51.87;33.89;45.47;Controcorrente
973;171;564;15.34;51.87;33.89;45.47;Altra-operazione
975;169;623;15.34;51.87;33.89;45.47;Altra-operazione
976;170;609;15.34;51.87;33.79;45.47;Altra-operazione
977;171;600;15.34;51.87;33.79;45.47;Altra-operazione
978;169;574;15.34;51.87;33.79;45.47;Altra-operazione
979;169;543;15.34;51.87;33.79;45.47;Altra-operazione
981;170;546;15.34;51.87;33.79;45.37;Altra-operazione
982;170;568;15.34;51.87;33.79;45.47;Altra-operazione
983;171;566;15.34;51.87;33.79;45.47;Altra-operazione
984;221;538;15.34;51.87;33.79;45.47;Altra-operazione
985;294;584;15.34;51.87;33.79;45.57;Altra-operazione
987;214;564;15.24;51.87;33.27;45.57;Altra-operazione
988;203;673;15.34;51.87;32.75;45.68;Altra-operazione
989;197;584;15.34;51.87;32.33;45.68;Altra-operazione
990;194;541;15.34;51.87;31.71;45.68;Altra-operazione
991;195;529;15.34;51.87;31.19;45.68;Altra-operazione
992;193;602;15.34;51.87;30.67;45.78;Altra-operazione
993;164;539;15.34;51.87;30.26;45.78;Altra-operazione
994;144;521;15.34;51.87;29.84;45.88;Altra-operazione
995;132;597;15.34;51.87;29.53;45.88;Altra-operazione
996;131;624;15.34;51.87;29.22;45.88;Altra-operazione
997;152;569;15.34;51.87;29.11;45.99;Altra-operazione
998;161;558;15.34;51.87;28.80;46.09;Altra-operazione
999;166;583;15.34;51.87;28.70;46.09;Altra-operazione
1000;166;562;15.34;51.87;28.59;46.09;Altra-operazione
1001;166;556;15.34;51.77;28.59;46.20;Altra-operazione
1002;167;598;15.34;51.77;28.49;46.20;Altra-operazione
1003;167;629;15.34;51.77;28.70;46.20;Equicorrente
1005;168;627;15.34;51.77;28.90;46.20;Equicorrente
1006;168;641;15.34;51.77;29.01;46.30;Equicorrente
1007;167;585;15.34;51.77;29.22;46.30;Equicorrente
1008;168;545;15.34;51.77;29.42;46.30;Equicorrente
1009;168;566;15.34;51.77;29.63;46.30;Equicorrente
1010;168;484;15.34;51.77;29.94;46.30;Equicorrente
1011;167;543;15.34;51.66;30.15;46.20;Equicorrente
1012;168;503;15.34;51.77;30.36;46.20;Equicorrente
1013;166;508;15.34;51.66;30.67;46.09;Equicorrente
1014;168;519;15.34;51.77;30.88;46.09;Equicorrente
1015;168;526;15.34;51.66;31.09;46.09;Equicorrente
1016;168;577;15.34;51.66;31.29;46.09;Equicorrente
1017;167;684;15.34;51.66;31.61;46.09;Equicorrente
1018;167;641;15.34;51.66;31.71;46.09;Equicorrente
1019;168;618;15.34;51.66;32.02;46.09;Equicorrente
1020;166;581;15.34;51.66;32.23;46.09;Equicorrente
1021;166;638;15.34;51.66;32.33;46.09;Equicorrente
1022;168;598;15.34;51.66;32.54;46.09;Equicorrente
1023;166;611;15.34;51.66;32.64;46.09;Equicorrente
1024;168;513;15.34;51.66;32.85;45.99;Equicorrente
1025;167;564;15.34;51.66;32.96;45.99;Equicorrente
1026;167;541;15.34;51.66;33.16;45.99;Equicorrente
1027;168;599;15.34;51.66;33.27;45.88;Equicorrente
1028;167;531;15.34;51.66;33.37;45.99;Equicorrente
1029;166;474;15.34;51.66;33.48;45.99;Equicorrente
1030;166;535;15.34;51.55;33.48;45.88;Equicorrente
1031;166;512;15.34;51.55;33.58;45.88;Equicorrente
1032;166;459;15.34;51.55;33.68;45.88;Equicorrente
1033;166;553;15.34;51.55;33.79;45.88;Equicorrente
1035;167;476;15.34;51.55;33.79;45.88;Equicorrente
1036;167;511;15.34;51.55;33.89;45.78;Equicorrente
1037;167;509;15.34;51.55;33.89;45.78;Equicorrente
1038;166;549;15.34;51.55;33.89;45.78;Equicorrente
1039;166;549;15.34;51.55;33.89;45.78;Equicorrente
1040;167;536;15.34;51.55;33.89;45.78;Equicorrente
1041;167;528;15.34;51.55;33.89;45.68;Equicorrente
1043;166;578;15.34;51.55;33.89;45.68;Equicorrente
1045;166;498;15.34;51.55;33.99;45.68;Equicorrente
1047;166;597;15.34;51.45;33.99;45.68;Equicorrente
1048;166;559;15.34;51.55;33.89;45.68;Equicorrente
1049;166;647;15.34;51.45;33.89;45.68;Equicorrente
1050;166;658;15.34;51.45;33.89;45.57;Equicorrente
1052;166;566;15.34;51.45;33.89;45.57;Equicorrente
1053;166;558;15.34;51.45;33.89;45.57;Equicorrente
1054;166;604;15.34;51.45;33.89;45.57;Equicorrente
1055;166;556;15.34;51.45;33.89;45.57;Equicorrente
1056;166;586;15.34;51.45;33.79;45.57;Equicorrente
1057;166;638;15.34;51.45;33.79;45.57;Equicorrente
1059;166;562;15.34;51.45;33.79;45.47;Equicorrente
1060;166;566;15.34;51.45;33.79;45.47;Equicorrente
1061;167;565;15.34;51.45;33.79;45.47;Equicorrente
1062;167;542;15.34;51.34;33.79;45.47;Equicorrente
1063;168;528;15.34;51.34;33.79;45.47;Equicorrente
1065;166;664;15.34;51.34;33.79;45.47;Equicorrente
1067;166;619;15.34;51.34;33.68;45.47;Equicorrente
1068;166;591;15.34;51.34;33.68;45.47;Equicorrente
1069;166;596;15.34;51.34;33.68;45.47;Equicorrente
1070;166;597;15.34;51.34;33.68;45.37;Equicorrente
1071;166;598;15.34;51.34;33.68;45.37;Equicorrente
1073;166;568;15.34;51.34;33.58;45.37;Equicorrente
1074;166;597;15.34;51.23;33.58;45.37;Equicorrente
1075;166;563;15.34;51.23;33.58;45.37;Equicorrente
1076;166;608;15.34;51.23;33.58;45.37;Equicorrente
1077;166;632;15.34;51.23;33.58;45.37;Equicorrente
1078;166;589;15.34;51.34;33.58;45.26;Equicorrente
1080;166;524;15.34;51.23;33.58;45.37;Equicorrente
1081;166;613;15.34;51.23;33.58;45.26;Equicorrente
1082;166;653;15.34;51.23;33.48;45.26;Equicorrente
1083;166;680;15.34;51.23;33.48;45.37;Equicorrente
1084;166;666;15.34;51.23;33.48;45.26;Equicorrente
1085;166;614;15.34;51.23;33.48;45.26;Equicorrente
1087;166;553;15.45;51.23;33.48;45.26;Equicorrente
1089;166;508;15.45;51.23;33.48;45.26;Equicorrente
1090;166;531;15.45;51.23;33.48;45.26;Equicorrente
1091;166;572;15.45;51.23;33.48;45.26;Equicorrente
1093;166;630;15.45;51.13;33.48;45.26;Equicorrente
1095;166;657;15.45;51.13;33.37;45.26;Equicorrente
1096;166;651;15.34;51.13;33.37;45.26;Equicorrente
1097;168;610;15.45;51.13;33.37;45.26;Equicorrente
1098;167;615;15.34;51.13;33.37;45.16;Equicorrente
1100;167;595;15.34;51.13;33.37;45.26;Equicorrente
1102;166;615;15.45;51.13;33.27;45.26;Equicorrente
1103;166;582;15.45;51.13;33.27;45.26;Equicorrente
1104;166;566;15.45;51.13;33.27;45.26;Equicorrente
1105;166;616;15.34;51.13;33.27;45.26;Equicorrente
1106;166;639;15.45;51.13;33.27;45.26;Equicorrente
1107;166;599;15.45;51.13;33.27;45.26;Equicorrente
1108;166;618;15.34;51.13;33.27;45.26;Equicorrente
1110;166;594;15.34;51.13;33.27;45.26;Equicorrente
1111;166;599;15.34;51.13;33.27;45.26;Equicorrente
1112;166;560;15.34;51.13;33.27;45.26;Equicorrente
1114;166;624;15.34;51.23;33.27;45.26;Equicorrente
1115;166;635;15.34;51.13;33.16;45.26;Equicorrente
1116;166;659;15.45;51.13;33.27;45.26;Equicorrente
1117;166;624;15.34;51.23;33.16;45.26;Equicorrente
1119;166;593;15.34;51.23;33.16;45.26;Equicorrente
1120;166;625;15.34;51.23;33.16;45.26;Equicorrente
1122;166;579;15.45;51.23;33.16;45.26;Equicorrente
1124;166;568;15.34;51.23;33.16;45.37;Equicorrente
1125;166;552;15.34;51.23;33.16;45.26;Equicorrente
1126;166;535;15.34;51.34;33.27;45.26;Equicorrente
1127;166;535;15.45;51.34;33.27;45.26;Equicorrente
1129;166;541;15.34;51.34;33.16;45.26;Equicorrente
1130;166;550;15.34;51.34;33.16;45.26;Equicorrente
1131;166;569;15.45;51.34;33.16;45.26;Equicorrente
1132;166;588;15.45;51.23;33.16;45.37;Equicorrente
1133;166;616;15.34;51.34;33.16;45.37;Equicorrente
1134;166;610;15.34;51.34;33.16;45.37;Equicorrente
1135;164;657;15.45;51.34;33.16;45.37;Equicorrente
1137;166;558;15.45;51.34;33.16;45.37;Equicorrente
1138;166;538;15.45;51.34;33.16;45.37;Equicorrente
1139;167;542;15.45;51.34;33.16;45.37;Equicorrente
1141;166;601;15.45;51.34;33.16;45.37;Equicorrente
1142;166;625;15.34;51.45;33.16;45.37;Equicorrente
1143;166;630;15.34;51.34;33.16;45.37;Equicorrente
1145;166;647;15.34;51.45;33.16;45.47;Equicorrente
1146;166;659;15.45;51.45;33.16;45.47;Equicorrente
1148;166;613;15.45;51.45;33.16;45.47;Equicorrente
1150;166;588;15.34;51.45;33.16;45.47;Equicorrente
1151;166;575;15.45;51.45;33.16;45.47;Equicorrente
1152;166;530;15.45;51.45;33.16;45.47;Equicorrente
1153;166;489;15.45;51.45;33.16;45.47;Equicorrente
1155;166;493;15.34;51.45;33.16;45.57;Equicorrente
1156;167;504;15.45;51.45;33.16;45.47;Equicorrente
1157;166;478;15.34;51.45;33.16;45.57;Equicorrente
1158;166;599;15.34;51.45;33.16;45.57;Equicorrente
1159;166;649;15.34;51.55;33.16;45.57;Equicorrente
1160;166;574;15.34;51.45;33.16;45.57;Equicorrente
1162;166;619;15.34;51.55;33.16;45.57;Equicorrente
1163;166;584;15.45;51.55;33.16;45.57;Equicorrente
1164;166;598;15.34;51.55;33.16;45.57;Equicorrente
1166;166;510;15.34;51.55;33.16;45.57;Equicorrente
1167;166;507;15.45;51.55;33.27;45.57;Equicorrente
1169;166;552;15.45;51.55;33.27;45.57;Equicorrente
1170;164;559;15.45;51.55;33.16;45.68;Equicorrente
1171;166;591;15.45;51.66;33.27;45.68;Equicorrente
1172;166;584;15.45;51.66;33.27;45.57;Equicorrente
1173;166;643;15.45;51.66;33.27;45.57;Equicorrente
1175;166;669;15.45;51.66;33.27;45.57;Equicorrente
1176;167;644;15.45;51.66;33.27;45.68;Equicorrente
1177;166;675;15.45;51.66;33.27;45.68;Equicorrente
1178;166;588;15.45;51.66;33.27;45.68;Equicorrente
1180;166;541;15.45;51.66;33.27;45.68;Equicorrente
1182;166;609;15.45;51.77;33.27;45.68;Equicorrente
1183;166;576;15.45;51.66;33.27;45.68;Equicorrente
1184;166;532;15.45;51.66;33.27;45.68;Equicorrente
1185;166;525;15.45;51.66;33.27;45.68;Equicorrente
1186;166;576;15.45;51.66;33.27;45.68;Equicorrente
1187;166;549;15.45;51.66;33.27;45.68;Equicorrente
1188;166;453;15.45;51.66;33.27;45.68;Equicorrente
1189;166;469;15.45;51.77;33.27;45.68;Equicorrente
1191;166;584;15.45;51.77;33.27;45.78;Equicorrente
1192;166;535;15.45;51.77;33.37;45.78;Equicorrente
1194;166;532;15.45;51.77;33.37;45.78;Equicorrente
1195;166;539;15.45;51.77;33.27;45.78;Equicorrente
1196;166;528;15.45;51.77;33.37;45.78;Equicorrente
1197;166;555;15.45;51.77;33.37;45.78;Equicorrente
1199;166;586;15.45;51.77;33.37;45.78;Equicorrente
1200;166;546;15.45;51.77;33.37;45.78;Equicorrente
1201;166;546;15.55;51.77;33.37;45.78;Equicorrente
1202;166;592;15.45;51.77;33.37;45.78;Equicorrente
1203;166;564;15.45;51.87;33.37;45.78;Equicorrente
1204;166;513;15.55;51.77;33.37;45.78;Equicorrente
1205;166;466;15.55;51.87;33.37;45.78;Equicorrente
1206;166;548;15.45;51.87;33.37;45.78;Equicorrente
1207;166;694;15.45;51.87;33.37;45.78;Equicorrente
1208;166;603;15.45;51.87;33.37;45.78;Equicorrente
1209;166;619;15.55;51.87;33.37;45.78;Equicorrente
1210;166;581;15.45;51.87;33.37;45.88;Equicorrente
1212;166;555;15.45;51.87;33.48;45.78;Equicorrente
1213;166;556;15.45;51.87;33.37;45.88;Equicorrente
1214;166;591;15.45;51.87;33.37;45.88;Equicorrente
1216;166;572;15.45;51.87;33.37;45.78;Equicorrente
1217;166;555;15.45;51.87;33.37;45.88;Equicorrente
1218;166;598;15.45;51.87;33.37;45.88;Equicorrente
1219;166;525;15.45;51.87;33.37;45.88;Equicorrente
1220;166;499;15.45;51.87;33.37;45.88;Equicorrente
1221;166;499;15.45;51.87;33.37;45.88;Equicorrente
1222;166;471;15.45;51.87;33.37;45.88;Equicorrente
1223;166;449;15.45;51.87;33.37;45.88;Equicorrente
1225;166;513;15.45;51.87;33.37;45.88;Equicorrente
1226;166;564;15.45;51.87;33.48;45.88;Equicorrente
1227;166;520;15.45;51.87;33.37;45.88;Equicorrente
1228;166;492;15.55;51.87;33.48;45.88;Equicorrente
1229;166;493;15.45;51.87;33.48;45.88;Equicorrente
1230;166;527;15.45;51.87;33.48;45.88;Equicorrente
1232;166;666;15.45;51.87;33.48;45.78;Equicorrente
1233;166;560;15.45;51.87;33.48;45.78;Equicorrente
1234;166;586;15.55;51.77;33.48;45.78;Equicorrente
1235;166;638;15.45;51.77;33.48;45.78;Equicorrente
1236;166;633;15.45;51.87;33.48;45.78;Equicorrente
1237;166;584;15.45;51.87;33.48;45.78;Equicorrente
1238;166;545;15.45;51.77;33.48;45.78;Equicorrente
1239;166;501;15.45;51.77;33.48;45.78;Equicorrente
1240;166;484;15.45;51.77;33.48;45.78;Equicorrente
1241;166;489;15.45;51.77;33.48;45.78;Equicorrente
1242;166;521;15.45;51.77;33.48;45.78;Equicorrente
1243;166;546;15.45;51.77;33.48;45.78;Equicorrente
1244;166;548;15.45;51.77;33.48;45.78;Equicorrente
1245;166;624;15.45;51.77;33.48;45.78;Equicorrente
1246;166;641;15.45;51.77;33.48;45.78;Equicorrente
1247;166;666;15.45;51.77;33.48;45.78;Equicorrente
1248;166;558;15.45;51.77;33.48;45.78;Equicorrente
1249;166;463;15.45;51.66;33.48;45.78;Equicorrente
1250;166;546;15.45;51.66;33.48;45.78;Equicorrente
1251;166;581;15.45;51.66;33.48;45.68;Equicorrente
1252;166;563;15.45;51.66;33.48;45.68;Equicorrente
1253;166;596;15.45;51.66;33.37;45.78;Equicorrente
1255;166;516;15.55;51.66;33.48;45.68;Equicorrente
1256;166;519;15.45;51.66;33.48;45.68;Equicorrente
1257;166;507;15.45;51.66;33.37;45.78;Equicorrente
1258;166;518;15.45;51.66;33.48;45.68;Equicorrente
1259;164;502;15.45;51.66;33.48;45.68;Equicorrente
1260;166;592;15.45;51.66;33.48;45.68;Equicorrente
1261;166;527;15.45;51.66;33.48;45.68;Equicorrente
1262;166;572;15.45;51.66;33.48;45.68;Equicorrente
1263;166;592;15.45;51.66;33.48;45.68;Equicorrente
1264;166;587;15.45;51.66;33.37;45.68;Equicorrente
1265;166;694;15.45;51.66;33.48;45.68;Equicorrente
1266;166;663;15.45;51.66;33.48;45.68;Equicorrente
1267;166;589;15.45;51.66;33.48;45.68;Equicorrente
1268;166;633;15.45;51.66;33.48;45.57;Equicorrente
1269;166;593;15.45;51.66;33.48;45.57;Equicorrente
1270;166;607;15.45;51.55;33.48;45.57;Equicorrente
1271;167;583;15.45;51.55;33.48;45.57;Equicorrente
1272;166;587;15.45;51.66;33.48;45.57;Equicorrente
1273;166;563;15.45;51.55;33.48;45.57;Equicorrente
1274;166;632;15.45;51.55;33.48;45.57;Equicorrente
1275;166;650;15.45;51.55;33.48;45.57;Equicorrente
1276;166;568;15.45;51.55;33.48;45.57;Equicorrente
1277;166;616;15.45;51.55;33.48;45.57;Equicorrente
1278;166;514;15.45;51.55;33.48;45.57;Equicorrente
1279;166;544;15.45;51.55;33.37;45.57;Equicorrente
1280;167;527;15.45;51.55;33.48;45.57;Equicorrente
1281;166;431;15.45;51.55;33.37;45.57;Equicorrente
1282;166;518;15.45;51.55;33.48;45.57;Equicorrente
1283;166;569;15.45;51.55;33.48;45.47;Equicorrente
1285;166;538;15.45;51.45;33.48;45.57;Equicorrente
1286;166;563;15.45;51.55;33.48;45.57;Equicorrente
1287;166;698;15.55;51.45;33.48;45.47;Equicorrente
1288;166;614;15.45;51.45;33.48;45.47;Equicorrente
1289;166;592;15.55;51.45;33.37;45.47;Equicorrente
1290;164;586;15.45;51.45;33.37;45.47;Equicorrente
1291;166;496;15.45;51.45;33.37;45.47;Equicorrente
1292;166;501;15.45;51.45;33.37;45.47;Equicorrente
1293;166;577;15.45;51.45;33.37;45.47;Equicorrente
1295;166;555;15.45;51.34;33.37;45.47;Equicorrente
1296;166;559;15.45;51.34;33.37;45.47;Equicorrente
1297;166;607;15.45;51.34;33.48;45.47;Equicorrente
1298;166;558;15.45;51.34;33.37;45.47;Equicorrente
1299;166;544;15.45;51.45;33.37;45.47;Equicorrente
1300;166;529;15.45;51.34;33.48;45.47;Equicorrente
1301;166;594;15.45;51.34;33.48;45.47;Equicorrente
1303;166;559;15.45;51.34;33.37;45.47;Equicorrente
1304;166;469;15.45;51.34;33.37;45.37;Equicorrente
1305;166;541;15.45;51.34;33.37;45.37;Equicorrente
1306;166;563;15.55;51.34;33.37;45.37;Equicorrente
